"행정구역(시도)별(1)","특성별(1)",특성별(2),2008,2008,2008,2008,2008,2008,2010,2010,2010,2010,2010,2010,2012,2012,2012,2012,2012,2012,2014,2014,2014,2014,2014,2014,2016,2016,2016,2016,2016,2016,2018,2018,2018,2018,2018,2018,2020,2020,2020,2020,2020,2020
"행정구역(시도)별(1)","특성별(1)",특성별(2),계,전혀 불안하지 않음,별로 불안하지 않음,보통,약간 불안함,매우 불안함,계,전혀 불안하지 않음,별로 불안하지 않음,보통,약간 불안함,매우 불안함,계,전혀 불안하지 않음,별로 불안하지 않음,보통,약간 불안함,매우 불안함,계,전혀 불안하지 않음,별로 불안하지 않음,보통,약간 불안함,매우 불안함,계,전혀 불안하지 않음,별로 불안하지 않음,보통,약간 불안함,매우 불안함,계,전혀 불안하지 않음,별로 불안하지 않음,보통,약간 불안함,매우 불안함,계,전혀 불안하지 않음,별로 불안하지 않음,보통,약간 불안함,매우 불안함
"전국","전체",계,100.0,0.5,7.0,26.9,52.7,12.8,100.0,1.0,8.2,24.4,52.1,14.3,100.0,1.5,9.3,26.8,50.1,12.4,100.0,1.2,8.9,27.0,49.6,13.3,100.0,1.7,9.2,26.3,48.8,14.0,100.0,2.4,16.7,31.6,41.2,8.1,100.0,4.1,18.4,32.0,38.0,7.4
"전국","동·읍면부",동부,100.0,0.5,7.0,26.8,52.8,12.9,100.0,1.0,8.2,24.6,52.0,14.2,100.0,1.4,9.0,27.1,50.2,12.3,100.0,1.2,8.6,27.0,50.0,13.2,100.0,1.7,9.0,26.4,48.6,14.2,100.0,2.3,16.4,31.9,41.3,8.2,100.0,4.0,17.8,32.1,38.5,7.6
"전국","동·읍면부",읍면부,100.0,0.7,7.0,27.5,52.5,12.3,100.0,1.0,8.4,23.4,52.4,14.8,100.0,1.9,10.7,25.1,49.4,12.8,100.0,1.5,10.6,26.8,47.6,13.5,100.0,1.5,9.9,26.1,49.4,13.1,100.0,3.0,18.5,30.1,40.7,7.7,100.0,4.9,21.2,31.5,35.8,6.6
"전국","성별",남자,100.0,0.6,7.1,27.5,52.2,12.6,100.0,1.2,9.0,25.9,50.9,13.1,100.0,2.0,10.5,28.7,47.5,11.4,100.0,1.7,10.1,28.6,47.7,11.9,100.0,2.1,10.2,28.2,46.8,12.8,100.0,3.1,18.6,32.8,38.9,6.7,100.0,5.1,19.8,34.1,35.0,6.2
"전국","성별",여자,100.0,0.4,6.9,26.3,53.2,13.1,100.0,0.8,7.5,23.0,53.3,15.4,100.0,1.0,8.1,24.9,52.6,13.4,100.0,0.8,7.8,25.4,51.4,14.6,100.0,1.3,8.2,24.6,50.7,15.2,100.0,1.7,15.0,30.4,43.4,9.5,100.0,3.3,17.0,30.1,41.0,8.7
"전국","주택유형",단독주택,100.0,0.6,7.7,29.9,50.5,11.3,100.0,0.9,9.2,26.6,50.6,12.7,100.0,1.6,10.3,28.0,49.0,11.0,100.0,1.4,11.1,28.1,47.1,12.3,100.0,2.0,11.0,27.7,46.7,12.5,100.0,2.7,19.0,31.2,39.7,7.4,100.0,5.2,20.9,32.6,34.9,6.4
"전국","주택유형",아파트,100.0,0.5,6.7,24.0,54.8,14.0,100.0,1.0,7.5,22.8,53.6,15.1,100.0,1.3,8.6,25.0,51.7,13.4,100.0,1.1,8.0,25.0,51.5,14.3,100.0,1.5,7.9,25.2,50.4,15.1,100.0,2.3,15.5,31.5,42.3,8.4,100.0,3.7,17.5,31.4,39.5,7.9
"전국","주택유형",기 타1,100.0,0.6,6.5,29.6,50.9,12.4,100.0,1.0,8.4,24.9,50.8,15.0,100.0,1.5,9.6,29.5,47.5,11.9,100.0,1.3,8.2,30.2,48.3,11.9,100.0,1.9,10.0,27.6,47.2,13.3,100.0,2.3,16.9,32.5,40.0,8.2,100.0,3.8,17.1,33.3,38.2,7.6
"전국","연령",15∼19세,100.0,0.8,7.5,24.8,50.3,16.6,100.0,1.5,10.0,23.4,46.8,18.2,-,-,-,-,-,-,-,-,-,-,-,-,-,-,-,-,-,-,-,-,-,-,-,-,-,-,-,-,-,-
"전국","연령",13∼19세,-,-,-,-,-,-,-,-,-,-,-,-,100.0,2.8,12.0,26.2,43.5,15.5,100.0,2.3,10.7,29.6,44.6,12.9,100.0,2.2,9.5,30.0,45.0,13.3,100.0,4.8,18.7,33.3,35.1,8.1,100.0,9.2,22.0,31.1,30.3,7.4
"전국","연령",20∼29세,100.0,0.5,7.6,26.6,51.5,13.7,100.0,1.3,8.8,25.3,50.3,14.3,100.0,1.9,9.7,27.6,48.4,12.4,100.0,1.7,10.6,28.5,46.9,12.2,100.0,2.6,10.5,28.9,44.6,13.4,100.0,2.9,17.7,33.5,37.1,8.8,100.0,5.8,20.2,33.9,32.9,7.3
"전국","연령",30∼39세,100.0,0.4,5.3,24.1,55.1,15.1,100.0,0.9,6.6,21.8,54.2,16.5,100.0,1.1,7.3,24.6,52.1,14.9,100.0,1.1,7.2,26.7,49.9,15.1,100.0,1.4,8.5,24.2,49.9,16.0,100.0,2.3,15.5,29.9,41.8,10.4,100.0,3.8,17.6,31.0,39.2,8.4
"전국","연령",40∼49세,100.0,0.5,6.0,24.2,56.1,13.2,100.0,0.8,7.4,22.2,54.5,15.1,100.0,0.9,8.1,25.5,51.8,13.7,100.0,0.7,7.2,25.0,51.8,15.3,100.0,1.2,7.5,25.1,49.5,16.7,100.0,1.9,14.9,29.4,45.0,8.8,100.0,2.7,15.4,29.3,43.2,9.4
"전국","연령",50∼59세,100.0,0.4,7.1,28.4,53.3,10.9,100.0,0.8,8.2,25.6,52.9,12.5,100.0,1.3,9.3,26.5,51.9,10.9,100.0,1.1,8.2,26.3,51.4,13.0,100.0,1.3,8.6,24.2,51.7,14.2,100.0,1.8,15.5,31.5,43.8,7.3,100.0,3.0,16.1,32.5,40.6,7.8
"전국","연령",60세이상,100.0,0.7,9.4,33.3,47.8,8.8,100.0,1.0,9.6,28.2,50.3,10.9,100.0,1.3,10.5,30.1,49.6,8.4,100.0,1.2,10.6,27.2,50.0,11.0,100.0,1.8,10.6,27.7,49.2,10.7,100.0,2.2,18.8,32.7,40.1,6.2,100.0,3.9,20.5,33.5,36.8,5.3
"전국","연령",65세이상,100.0,0.7,9.8,34.8,46.5,8.1,100.0,1.0,9.7,29.0,49.9,10.3,100.0,1.6,10.9,30.7,48.8,8.1,100.0,1.3,11.1,28.0,49.1,10.5,100.0,1.8,11.2,28.9,47.7,10.5,100.0,2.3,19.8,32.4,39.7,5.9,100.0,4.0,22.0,34.2,35.3,4.5
"전국","교육정도",초졸이하,100.0,0.6,9.3,34.7,47.2,8.1,100.0,0.9,8.7,29.4,49.6,11.4,100.0,1.9,11.1,29.5,47.6,9.9,100.0,1.5,10.9,29.5,46.9,11.2,100.0,1.9,11.2,29.3,46.1,11.5,100.0,3.2,19.4,32.3,37.8,7.2,100.0,5.3,22.8,34.6,32.4,4.8
"전국","교육정도",중 졸,100.0,0.7,6.8,29.3,51.4,11.8,100.0,1.1,9.3,25.7,50.4,13.7,100.0,2.0,10.1,28.9,47.6,11.4,100.0,1.4,10.4,29.2,47.5,11.5,100.0,1.8,10.9,28.4,47.3,11.6,100.0,3.2,18.6,32.8,38.3,7.0,100.0,5.7,19.9,34.4,34.6,5.5
"전국","교육정도",고 졸,100.0,0.6,7.1,25.7,53.6,13.0,100.0,1.0,7.7,24.7,52.1,14.5,100.0,1.2,9.0,27.7,49.5,12.6,100.0,1.1,8.3,28.2,48.9,13.5,100.0,1.9,9.0,26.6,48.0,14.6,100.0,2.3,16.6,32.8,40.7,7.5,100.0,4.5,17.6,34.1,36.6,7.2
"전국","교육정도",대졸이상,100.0,0.4,5.8,23.2,55.1,15.5,100.0,0.9,8.2,21.1,54.1,15.7,100.0,1.3,8.3,23.5,53.0,13.9,100.0,1.2,8.2,23.6,52.4,14.7,100.0,1.4,8.0,24.1,51.2,15.3,100.0,1.9,15.3,29.7,43.7,9.3,100.0,2.9,17.2,28.5,42.2,9.1
"전국","혼인상태",미? 혼,100.0,0.6,7.4,25.9,51.8,14.3,100.0,1.3,9.5,25.1,49.3,14.9,100.0,2.2,10.9,27.5,46.1,13.3,100.0,1.8,10.1,29.0,46.6,12.5,100.0,2.4,10.2,28.5,46.2,12.7,100.0,3.3,18.3,32.5,37.5,8.4,100.0,6.0,20.2,32.8,33.5,7.5
"전국","혼인상태",배우자 있음,100.0,0.5,6.6,26.0,54.0,12.9,100.0,0.8,7.6,23.1,53.9,14.6,100.0,1.2,8.2,25.5,52.5,12.5,100.0,1.0,8.2,25.4,51.4,14.0,100.0,1.4,8.3,24.7,50.5,15.0,100.0,1.9,15.6,31.2,43.2,8.0,100.0,3.2,16.9,31.1,41.0,7.8
"전국","혼인상태",사? 별,100.0,0.6,9.0,36.7,46.6,7.1,100.0,0.9,9.5,30.8,49.5,9.4,100.0,1.3,11.6,31.6,47.5,8.0,100.0,1.0,10.7,30.0,47.7,10.5,100.0,1.6,10.9,29.6,47.1,10.8,100.0,2.7,18.9,30.6,40.7,7.1,100.0,4.6,22.0,34.2,34.3,4.9
"전국","혼인상태",이? 혼,100.0,0.6,7.7,31.6,48.7,11.3,100.0,1.4,7.1,28.8,48.3,14.3,100.0,0.7,9.8,31.9,46.8,10.8,100.0,0.6,7.8,29.7,49.0,13.0,100.0,1.3,11.1,27.3,45.4,14.9,100.0,2.8,17.8,31.8,39.5,8.2,100.0,3.1,18.8,34.4,36.8,6.9
"전국","경제활동",취? 업,100.0,0.5,6.5,26.1,53.9,13.0,100.0,1.0,8.1,23.2,53.7,14.1,100.0,1.3,9.1,25.6,51.5,12.5,100.0,1.1,8.6,26.7,50.2,13.5,100.0,1.5,8.8,25.4,49.8,14.4,100.0,2.2,16.7,30.7,42.2,8.3,100.0,3.6,18.0,31.5,39.3,7.6
"전국","경제활동",실업 및 비경제활동,100.0,0.6,7.6,27.8,51.3,12.6,100.0,1.0,8.3,25.9,50.2,14.6,100.0,1.7,9.5,28.2,48.3,12.3,100.0,1.5,9.4,27.3,48.8,13.0,100.0,1.9,9.7,27.5,47.4,13.5,100.0,2.7,16.8,32.9,39.7,7.9,100.0,4.8,18.9,32.7,36.4,7.2
"전국","산업",농림어업,100.0,0.7,8.1,28.0,51.8,11.4,100.0,0.6,9.1,22.2,53.2,14.9,100.0,2.0,12.0,24.7,50.3,11.0,100.0,1.6,12.2,26.7,47.1,12.3,100.0,1.6,10.5,24.3,51.7,12.0,100.0,3.0,19.7,27.6,42.1,7.7,100.0,6.5,21.7,27.8,38.5,5.5
"전국","산업",광공업,100.0,0.7,6.5,27.1,53.5,12.2,100.0,0.7,8.2,24.7,54.7,11.7,100.0,1.2,8.5,26.2,51.7,12.5,100.0,1.0,7.5,26.8,51.2,13.5,100.0,1.4,8.7,28.5,47.4,14.0,100.0,2.1,18.1,31.5,40.9,7.5,100.0,4.0,18.1,34.4,37.5,6.0
"전국","산업",사회간접자본?기타서비스업,100.0,0.4,6.3,25.6,54.3,13.4,100.0,1.1,8.0,22.9,53.5,14.5,100.0,1.2,8.8,25.6,51.6,12.7,100.0,1.0,8.4,26.6,50.3,13.7,100.0,1.6,8.7,24.8,50.2,14.7,100.0,2.1,16.2,30.7,42.5,8.5,100.0,3.3,17.7,31.1,39.7,8.1
"전국","직업",전문관리,100.0,0.2,6.4,20.6,57.2,15.6,100.0,1.2,7.3,20.6,56.0,15.0,100.0,0.9,8.9,21.9,54.0,14.2,100.0,1.4,7.7,23.8,53.4,13.7,100.0,1.6,7.9,23.9,50.6,16.0,100.0,1.6,16.3,28.2,44.1,9.8,100.0,3.1,17.2,26.8,42.9,10.0
"전국","직업",사? 무,100.0,0.4,6.0,24.8,53.9,15.0,100.0,0.9,8.1,21.6,54.3,15.2,100.0,1.0,7.2,24.6,54.0,13.2,100.0,0.9,7.7,24.3,52.2,14.9,100.0,1.5,7.1,24.1,52.5,14.8,100.0,2.0,15.7,30.1,42.6,9.6,100.0,2.8,16.8,29.5,42.3,8.6
"전국","직업",서비스판매,100.0,0.5,5.9,27.0,54.6,12.0,100.0,0.9,8.0,24.7,51.4,15.0,100.0,1.4,9.1,26.2,50.1,13.3,100.0,0.8,8.5,27.4,49.2,14.1,100.0,1.2,8.6,25.5,49.8,14.9,100.0,2.2,15.7,31.4,42.4,8.4,100.0,3.6,18.5,32.1,37.8,8.0
"전국","직업",농어업,100.0,0.9,8.3,27.6,51.7,11.4,100.0,0.6,9.4,21.9,53.1,15.0,100.0,2.0,12.0,24.2,50.7,11.0,100.0,1.4,12.0,26.1,47.4,13.1,100.0,1.4,10.5,24.3,51.6,12.2,100.0,3.0,20.0,27.2,41.8,8.1,100.0,6.6,21.6,27.3,38.9,5.6
"전국","직업",기능노무,100.0,0.5,6.8,30.4,51.4,10.9,100.0,1.0,8.5,25.2,53.6,11.8,100.0,1.5,9.4,28.7,49.5,10.9,100.0,1.0,8.8,29.6,48.2,12.4,100.0,1.8,10.2,27.4,47.5,13.1,100.0,2.5,17.7,33.0,40.5,6.2,100.0,4.0,18.3,36.3,36.0,5.4
"전국","종사상의 지위",임금근로자,100.0,0.4,6.3,25.7,54.2,13.3,100.0,0.9,8.2,22.9,54.0,13.9,100.0,1.2,8.8,25.8,51.3,12.8,100.0,1.1,8.3,26.6,50.7,13.3,100.0,1.6,8.7,25.7,49.6,14.4,100.0,2.2,16.6,30.7,42.3,8.3,100.0,3.6,17.5,31.5,39.6,7.9
"전국","종사상의 지위",고용주,100.0,0.6,6.6,24.2,55.0,13.6,100.0,1.1,8.2,23.6,53.1,13.9,100.0,1.9,9.6,25.5,51.8,11.2,100.0,0.6,7.7,26.3,51.0,14.5,100.0,1.9,7.5,23.1,50.6,17.0,100.0,1.8,16.2,31.6,41.7,8.6,100.0,3.5,19.2,33.1,37.6,6.7
"전국","종사상의 지위",자영자,100.0,0.6,7.1,27.4,52.5,12.3,100.0,1.1,8.4,23.3,52.7,14.4,100.0,1.4,9.7,25.5,51.5,11.9,100.0,1.1,9.2,27.5,48.1,14.0,100.0,1.2,10.2,25.7,49.4,13.5,100.0,2.5,17.4,30.5,41.6,8.0,100.0,3.5,19.3,31.2,38.6,7.4
"전국","주관적 만족감",만족,100.0,0.7,7.9,23.6,53.7,14.1,100.0,1.3,10.5,22.3,52.1,13.8,100.0,2.0,11.0,25.3,49.5,12.3,100.0,1.5,10.3,25.0,49.8,13.3,100.0,2.2,10.2,24.5,49.6,13.5,100.0,3.2,19.7,29.4,39.6,8.2,100.0,5.5,20.7,28.6,37.8,7.5
"전국","주관적 만족감",보통,100.0,0.4,6.3,29.7,52.1,11.4,100.0,0.7,7.1,26.4,52.8,13.1,100.0,1.1,8.1,28.8,50.5,11.4,100.0,0.9,7.7,30.0,49.4,12.0,100.0,1.2,8.4,28.9,48.1,13.3,100.0,1.9,14.6,34.9,41.6,7.0,100.0,3.1,17.0,35.7,37.4,6.8
"전국","주관적 만족감",불만족,100.0,0.5,6.9,26.4,52.3,13.8,100.0,1.1,7.5,23.3,50.9,17.2,100.0,1.5,9.0,24.9,50.1,14.5,100.0,1.5,8.7,23.3,49.4,17.1,100.0,1.9,8.7,23.7,48.0,17.7,100.0,1.8,15.1,28.0,44.1,11.0,100.0,3.3,15.6,30.7,40.9,9.5
"전국","가구소득",100만원 미만,100.0,0.6,8.2,31.7,49.8,9.6,100.0,1.2,8.9,29.4,48.0,12.5,100.0,1.6,12.3,29.8,46.9,9.3,100.0,1.4,10.8,28.8,48.4,10.6,100.0,2.2,11.3,28.0,46.9,11.6,100.0,3.2,20.3,31.1,39.0,6.3,100.0,4.5,21.7,35.2,33.7,4.9
"전국","가구소득",100∼200만원 미만,100.0,0.6,7.0,29.3,51.0,12.0,100.0,0.7,8.2,25.3,51.7,14.1,100.0,1.4,8.7,29.6,48.8,11.5,100.0,1.3,9.1,28.6,48.3,12.7,100.0,1.9,10.2,27.3,47.6,12.9,100.0,2.4,17.4,33.2,39.6,7.4,100.0,4.4,19.0,32.8,36.8,6.9
"전국","가구소득",200∼300만원 미만,100.0,0.7,6.9,25.8,53.5,13.2,100.0,1.0,7.7,24.2,52.2,14.9,100.0,1.4,8.8,26.6,50.4,12.9,100.0,1.4,8.8,27.8,48.5,13.5,100.0,1.7,7.9,27.1,48.2,15.2,100.0,2.4,15.9,34.5,39.0,8.2,100.0,4.1,18.9,34.1,35.7,7.2
"전국","가구소득",300∼400만원 미만,100.0,0.3,6.5,25.1,54.2,14.0,100.0,1.0,7.7,23.1,54.0,14.2,100.0,1.6,9.0,25.5,50.5,13.4,100.0,0.9,8.3,27.2,49.7,13.9,100.0,1.6,9.5,27.0,48.0,13.9,100.0,2.0,16.9,30.8,42.0,8.2,100.0,4.3,17.4,32.3,38.5,7.6
"전국","가구소득",400∼500만원 미만,100.0,0.5,6.2,23.1,55.7,14.4,100.0,0.9,7.9,20.2,56.4,14.5,100.0,1.3,8.5,24.6,51.5,14.0,100.0,1.0,8.7,24.9,50.6,14.9,100.0,1.1,8.7,26.2,49.0,15.0,100.0,2.2,14.6,31.8,42.7,8.7,100.0,3.7,16.6,31.1,40.7,7.9
"전국","가구소득",500∼600만원 미만,100.0,0.6,7.3,22.5,55.2,14.5,100.0,1.5,8.9,22.7,52.0,14.9,100.0,1.5,7.5,20.2,55.1,15.7,100.0,1.3,8.8,22.7,54.0,13.3,100.0,1.8,8.1,23.1,52.8,14.3,100.0,2.6,15.9,29.5,44.0,8.0,100.0,4.0,17.8,29.9,40.1,8.2
"전국","가구소득",600만원 이상,100.0,0.2,6.0,21.5,54.8,17.5,100.0,1.0,9.4,20.2,52.8,16.7,100.0,1.5,9.3,22.9,53.0,13.3,100.0,1.4,7.6,24.1,52.2,14.7,100.0,1.7,8.3,23.0,51.8,15.1,100.0,2.3,16.8,28.4,43.1,9.3,100.0,4.0,17.7,28.4,40.9,9.1
"전국","연령*성별",15~19세*남자,100.0,1.1,7.6,26.5,48.4,16.4,100.0,1.9,10.9,25.7,45.3,16.3,-,-,-,-,-,-,-,-,-,-,-,-,-,-,-,-,-,-,-,-,-,-,-,-,-,-,-,-,-,-
"전국","연령*성별",15~19세*여자,100.0,0.6,7.4,23.0,52.3,16.8,100.0,1.1,9.1,20.9,48.6,20.3,-,-,-,-,-,-,-,-,-,-,-,-,-,-,-,-,-,-,-,-,-,-,-,-,-,-,-,-,-,-
"전국","연령*성별",13∼19세*남자,-,-,-,-,-,-,-,-,-,-,-,-,100.0,4.2,13.8,27.7,40.0,14.3,100.0,3.4,12.6,30.9,41.0,12.0,100.0,3.0,10.8,31.4,42.0,12.8,100.0,6.9,19.4,32.9,33.2,7.7,100.0,13.1,23.0,32.9,26.0,4.9
"전국","연령*성별",13∼19세*여자,-,-,-,-,-,-,-,-,-,-,-,-,100.0,1.3,10.0,24.5,47.4,16.9,100.0,1.0,8.6,28.2,48.4,13.8,100.0,1.4,8.2,28.5,48.2,13.7,100.0,2.7,18.1,33.6,37.1,8.5,100.0,5.1,21.0,29.2,34.8,9.9
"전국","연령*성별",20∼29세*남자,100.0,0.8,8.2,28.9,50.4,11.7,100.0,1.5,9.9,28.4,48.2,11.8,100.0,2.7,11.4,31.4,43.8,10.6,100.0,2.5,13.5,31.1,43.8,9.1,100.0,3.8,12.7,32.1,40.4,10.9,100.0,4.0,20.7,34.7,33.9,6.7,100.0,7.5,22.2,36.6,27.9,5.8
"전국","연령*성별",20∼29세*여자,100.0,0.3,7.1,24.5,52.5,15.6,100.0,1.0,7.6,22.3,52.4,16.7,100.0,1.2,8.0,23.8,53.0,14.1,100.0,1.0,7.8,26.0,50.0,15.2,100.0,1.4,8.2,25.6,48.9,15.9,100.0,1.8,14.6,32.2,40.5,10.9,100.0,4.0,18.1,31.0,38.1,8.8
"전국","연령*성별",30∼39세*남자,100.0,0.5,5.8,25.9,53.8,14.0,100.0,1.3,7.8,25.2,51.3,14.4,100.0,1.5,9.4,27.3,48.7,13.1,100.0,1.7,9.1,29.2,47.3,12.6,100.0,1.6,10.7,27.5,46.0,14.1,100.0,3.2,18.8,32.3,37.2,8.5,100.0,5.1,19.6,33.6,35.6,6.1
"전국","연령*성별",30∼39세*여자,100.0,0.3,4.8,22.3,56.4,16.2,100.0,0.5,5.4,18.3,57.2,18.7,100.0,0.7,5.1,21.8,55.7,16.8,100.0,0.5,5.3,24.1,52.5,17.5,100.0,1.2,6.2,20.7,53.9,18.0,100.0,1.4,12.0,27.4,46.8,12.5,100.0,2.4,15.4,28.0,43.2,10.9
"전국","연령*성별",40∼49세*남자,100.0,0.6,6.0,25.1,55.5,12.8,100.0,0.9,8.3,24.4,52.8,13.7,100.0,1.1,9.7,28.0,48.6,12.6,100.0,1.0,7.9,27.3,50.6,13.2,100.0,1.6,8.2,27.7,47.6,14.9,100.0,2.2,17.1,31.5,42.3,6.9,100.0,3.1,18.0,32.9,38.1,7.9
"전국","연령*성별",40∼49세*여자,100.0,0.4,5.9,23.3,56.6,13.7,100.0,0.8,6.5,19.9,56.3,16.6,100.0,0.7,6.5,22.9,55.0,14.8,100.0,0.5,6.4,22.7,53.0,17.5,100.0,0.9,6.8,22.4,51.4,18.6,100.0,1.6,12.5,27.2,47.8,10.8,100.0,2.2,12.8,25.5,48.5,11.0
"전국","연령*성별",50∼59세*남자,100.0,0.5,6.6,28.4,53.0,11.5,100.0,0.9,8.6,26.3,52.5,11.8,100.0,1.7,10.0,27.9,50.3,10.0,100.0,1.1,9.0,27.8,50.0,12.1,100.0,1.5,9.3,26.1,50.3,12.8,100.0,2.3,17.2,33.4,40.9,6.3,100.0,3.3,16.9,33.2,39.9,6.7
"전국","연령*성별",50∼59세*여자,100.0,0.4,7.6,28.4,53.5,10.2,100.0,0.6,7.8,25.0,53.4,13.2,100.0,1.0,8.7,25.1,53.5,11.7,100.0,1.0,7.5,24.8,52.8,14.0,100.0,1.1,7.8,22.3,53.1,15.7,100.0,1.3,13.9,29.7,46.7,8.4,100.0,2.6,15.2,31.8,41.4,8.9
"전국","연령*성별",60세 이상*남자,100.0,0.6,9.6,31.1,48.7,10.0,100.0,1.2,9.7,25.7,51.8,11.6,100.0,1.5,10.1,29.9,50.0,8.4,100.0,1.4,10.2,27.0,49.7,11.7,100.0,1.9,10.1,26.6,50.4,11.0,100.0,2.4,19.2,32.2,41.2,5.0,100.0,3.9,21.0,34.7,35.5,5.0
"전국","연령*성별",60세 이상*여자,100.0,0.7,9.2,34.9,47.2,7.9,100.0,0.8,9.4,30.1,49.3,10.4,100.0,1.2,10.8,30.3,49.4,8.4,100.0,1.0,10.9,27.3,50.3,10.4,100.0,1.7,11.0,28.5,48.2,10.5,100.0,2.1,18.5,33.2,39.2,7.1,100.0,3.9,20.2,32.5,37.9,5.6
"전국","연령*성별",65세 이상*남자,100.0,0.8,10.2,32.2,47.8,9.0,100.0,1.1,9.9,25.6,52.3,11.1,100.0,1.8,10.2,30.2,49.9,8.0,100.0,1.6,10.8,26.9,49.8,10.9,100.0,1.7,11.0,27.2,49.3,10.8,100.0,2.4,20.2,31.9,40.3,5.2,100.0,4.2,22.1,35.0,34.7,4.1
"전국","연령*성별",65세 이상*여자,100.0,0.7,9.6,36.6,45.6,7.5,100.0,1.0,9.6,31.4,48.3,9.7,100.0,1.4,11.4,31.0,48.0,8.2,100.0,1.1,11.4,28.8,48.6,10.2,100.0,1.8,11.3,30.1,46.6,10.2,100.0,2.2,19.5,32.7,39.2,6.4,100.0,3.8,22.0,33.6,35.7,4.9
"전국","연령*교육정도",20∼29세*중졸이하,100.0,3.1,12.8,26.4,43.8,13.9,100.0,-,6.1,37.1,47.5,9.4,100.0,6.4,4.1,40.8,44.6,4.1,100.0,1.8,14.9,41.7,36.0,5.6,100.0,2.2,9.9,30.0,45.3,12.7,100.0,2.6,23.5,35.7,27.7,10.5,100.0,5.5,19.1,42.0,18.6,14.8
"전국","연령*교육정도",20∼29세*고졸,100.0,0.5,8.1,27.4,50.8,13.2,100.0,1.8,8.8,27.4,47.5,14.5,100.0,2.5,9.9,29.9,45.4,12.2,100.0,2.1,11.0,31.0,44.0,11.9,100.0,3.6,11.9,29.3,42.5,12.7,100.0,4.0,18.4,35.0,35.0,7.6,100.0,7.3,19.5,36.1,30.5,6.6
"전국","연령*교육정도",20∼29세*대졸이상,100.0,0.5,6.9,25.7,52.5,14.4,100.0,0.8,8.9,22.7,53.4,14.3,100.0,1.1,9.7,24.4,51.9,12.8,100.0,1.4,10.2,25.5,50.2,12.7,100.0,1.7,9.0,28.4,46.7,14.1,100.0,1.9,16.8,31.9,39.5,9.8,100.0,4.2,21.0,31.3,35.8,7.8
"전국","연령*교육정도",30∼39세*중졸이하,100.0,0.8,4.7,33.7,48.6,12.3,100.0,0.4,4.2,32.3,53.6,9.6,100.0,3.2,6.8,36.9,46.1,7.1,100.0,0.7,8.6,33.7,46.1,10.9,100.0,3.7,8.0,20.6,54.6,13.2,100.0,3.9,17.7,43.4,29.1,5.9,100.0,6.7,21.6,44.3,19.7,7.6
"전국","연령*교육정도",30∼39세*고졸,100.0,0.5,5.8,24.2,55.7,13.8,100.0,0.8,6.8,23.6,52.4,16.4,100.0,0.5,6.9,28.5,50.2,13.8,100.0,0.7,6.9,29.8,46.9,15.7,100.0,1.5,8.5,25.4,46.9,17.7,100.0,2.5,13.9,32.0,42.2,9.3,100.0,4.5,15.3,35.4,36.9,7.9
"전국","연령*교육정도",30∼39세*대졸이상,100.0,0.3,4.9,23.5,54.9,16.3,100.0,1.0,6.5,20.2,55.5,16.8,100.0,1.4,7.5,21.9,53.4,15.8,100.0,1.3,7.4,25.0,51.5,14.9,100.0,1.4,8.5,23.7,51.2,15.2,100.0,2.2,16.1,28.6,42.1,11.0,100.0,3.4,18.4,28.7,40.8,8.6
"전국","연령*교육정도",40∼49세*중졸이하,100.0,0.9,7.0,33.1,50.1,8.9,100.0,1.2,7.6,25.4,51.4,14.3,100.0,1.4,9.8,30.3,48.5,10.1,100.0,1.4,5.4,28.3,53.0,11.8,100.0,2.4,8.7,35.8,40.3,12.8,100.0,2.4,22.6,27.1,40.2,7.7,100.0,2.5,23.3,36.3,31.7,6.2
"전국","연령*교육정도",40∼49세*고졸,100.0,0.5,6.3,24.3,56.1,12.9,100.0,0.7,6.3,22.9,55.2,14.8,100.0,0.7,7.9,25.6,51.7,14.1,100.0,0.8,6.7,27.5,49.6,15.5,100.0,0.9,7.6,25.7,49.0,16.8,100.0,2.0,15.6,31.1,43.6,7.7,100.0,3.1,15.2,33.5,39.5,8.6
"전국","연령*교육정도",40∼49세*대졸이상,100.0,0.3,5.1,20.1,58.8,15.8,100.0,0.8,8.7,20.2,54.5,15.8,100.0,1.1,8.0,24.3,52.5,14.0,100.0,0.6,7.9,22.0,53.9,15.6,100.0,1.4,7.3,23.5,50.7,17.1,100.0,1.8,13.7,28.3,46.4,9.7,100.0,2.3,15.2,26.1,46.2,10.2
"전국","연령*교육정도",50∼59세*중졸이하,100.0,0.3,6.7,31.5,52.7,8.8,100.0,0.6,8.2,27.4,51.9,11.9,100.0,1.7,9.2,28.8,50.1,10.1,100.0,1.4,9.8,29.2,47.9,11.7,100.0,1.9,11.0,25.8,49.2,12.1,100.0,2.7,17.2,32.1,39.7,8.2,100.0,3.6,16.5,36.8,37.4,5.7
"전국","연령*교육정도",50∼59세*고졸,100.0,0.8,7.9,27.2,52.5,11.7,100.0,0.8,7.6,25.5,54.3,11.8,100.0,0.9,9.2,26.5,51.9,11.5,100.0,0.9,7.5,27.5,51.2,12.8,100.0,1.2,8.3,25.3,50.5,14.6,100.0,1.6,15.7,31.9,43.8,7.0,100.0,3.2,16.9,34.9,38.4,6.7
"전국","연령*교육정도",50∼59세*대졸이상,100.0,0.2,6.5,23.3,55.9,14.1,100.0,1.0,9.2,22.3,52.4,15.0,100.0,1.6,9.8,22.7,54.8,11.0,100.0,0.9,7.3,20.5,56.1,15.1,100.0,1.0,6.8,21.0,55.8,15.5,100.0,1.5,14.2,30.7,46.4,7.2,100.0,2.4,14.8,27.4,45.2,10.3
"전국","연령*교육정도",60세 이상*중졸이하,100.0,0.6,9.6,35.4,46.9,7.6,100.0,1.0,9.6,29.9,49.6,9.9,100.0,1.4,10.9,31.1,49.1,7.6,100.0,1.1,11.5,29.2,48.0,10.2,100.0,1.6,12.0,29.1,47.0,10.3,100.0,2.4,19.7,32.2,39.4,6.2,100.0,4.5,22.4,34.4,34.6,4.2
"전국","연령*교육정도",60세 이상*고졸,100.0,1.0,9.1,27.9,51.3,10.7,100.0,0.9,8.5,23.9,53.9,12.8,100.0,1.4,10.9,28.2,49.8,9.6,100.0,0.8,8.7,23.2,56.5,10.8,100.0,2.3,8.7,26.3,51.7,11.1,100.0,1.6,17.9,34.5,39.5,6.5,100.0,3.6,18.8,32.5,38.6,6.5
"전국","연령*교육정도",60세 이상*대졸이상,100.0,0.9,8.4,24.1,49.9,16.7,100.0,1.3,11.0,22.7,49.5,15.6,100.0,1.0,7.1,26.6,53.6,11.7,100.0,2.6,9.1,22.3,49.9,16.2,100.0,1.9,7.5,22.6,55.9,12.0,100.0,2.5,16.3,31.4,44.5,5.3,100.0,2.0,16.7,31.8,42.0,7.6
"전국","연령*교육정도",65세 이상*중졸이하,100.0,0.6,9.9,37.0,45.3,7.1,100.0,0.9,10.0,30.5,49.0,9.7,100.0,1.6,11.4,31.5,47.9,7.6,100.0,1.2,11.9,30.0,46.8,10.0,100.0,1.7,12.1,30.5,45.7,10.0,100.0,2.5,20.3,31.9,39.2,6.1,100.0,4.3,23.7,34.7,33.4,3.9
"전국","연령*교육정도",65세 이상*고졸,100.0,1.0,9.7,27.3,52.1,9.9,100.0,1.3,8.1,25.2,55.4,10.0,100.0,1.6,10.9,27.2,51.5,9.0,100.0,1.1,8.2,23.5,57.0,10.2,100.0,2.2,9.7,25.5,51.2,11.3,100.0,1.8,20.4,34.6,38.1,5.1,100.0,3.8,19.7,33.0,38.1,5.5
"전국","연령*교육정도",65세 이상*대졸이상,100.0,1.6,8.6,22.1,50.4,17.3,100.0,1.7,10.2,21.4,50.0,16.7,100.0,1.4,6.5,29.3,51.8,11.0,100.0,2.5,10.5,20.0,51.8,15.2,100.0,1.1,7.1,24.1,55.7,12.0,100.0,2.1,15.5,30.9,45.5,6.1,100.0,2.6,17.2,33.5,40.2,6.4
